finance.custom_view,update_size
finance.custom_view,body_size
finance.custom_view,num_co
finance.custom_view,tot_sents
finance.custom_view,mention_1
finance.custom_view,XITEM_CNT5
finance.custom_view,XITEM_CNT4
finance.custom_view,XITEM_CNT3
finance.custom_view,XITEM_CNT2
finance.custom_view,XITEM_CNT1
finance.custom_view,XLNKD_CNT5
finance.custom_view,XLNKD_CNT4
finance.custom_view,XLNKD_CNT3
finance.custom_view,XLNKD_CNT2
finance.custom_view,XLNKD_CNT1
finance.custom_view,ITEM_CNT5
finance.custom_view,ITEM_CNT4
finance.custom_view,ITEM_CNT3
finance.custom_view,ITEM_CNT2
finance.custom_view,ITEM_CNT1
finance.custom_view,tot_words
finance.custom_view,sent_words
finance.custom_view,take_seqno
finance.custom_view,dsply_name
finance.custom_view,LNKD_CNT5
finance.custom_view,LNKD_CNT4
finance.custom_view,LNKD_CNT3
finance.custom_view,LNKD_CNT2
finance.custom_view,LNKD_CNT1
finance.custom_view,sentiment
finance.custom_view,date
finance.sp500,dxl
finance.sp500,permno
finance.secloan_equity,dxl
finance.secloan_company,gind
finance.secloan_company,date
finance.secloan_company,gvkey
finance.secloan_bond,num_trans_all
finance.secloan_bond,num_trans_30
finance.secloan_bond,num_trans_7
finance.secloan_bond,num_trans_3
finance.secloan_bond,num_trans_1
finance.secloan_bond,active_available_qty
finance.secloan_bond,active_lendable_qty
finance.secloan_bond,sl_tenure
finance.secloan_bond,total_balance_qty
finance.secloan_bond,lendable_qty
finance.secloan_bond,date
finance.tr_eq,update_size
finance.tr_eq,body_size
finance.tr_eq,num_co
finance.tr_eq,tot_sents
finance.tr_eq,mention_1
finance.tr_eq,tot_words
finance.tr_eq,sent_words
finance.tr_eq,take_seqno
finance.tr_eq,dsply_name
finance.tr_eq,sentiment
finance.tr_eq,date
finance.tr_eq,XITEM_CNT5
finance.tr_eq,XITEM_CNT4
finance.tr_eq,XITEM_CNT3
finance.tr_eq,XITEM_CNT2
finance.tr_eq,XITEM_CNT1
finance.tr_eq,XLNKD_CNT5
finance.tr_eq,XLNKD_CNT4
finance.tr_eq,XLNKD_CNT3
finance.tr_eq,XLNKD_CNT2
finance.tr_eq,XLNKD_CNT1
finance.tr_eq,ITEM_CNT5
finance.tr_eq,ITEM_CNT4
finance.tr_eq,ITEM_CNT3
finance.tr_eq,ITEM_CNT2
finance.tr_eq,ITEM_CNT1
finance.tr_eq,LNKD_CNT5
finance.tr_eq,LNKD_CNT4
finance.tr_eq,LNKD_CNT3
finance.tr_eq,LNKD_CNT2
finance.tr_eq,LNKD_CNT1
finance.interday_returns,numtrd
finance.interday_returns,vol
finance.interday_returns,permno
finance.interday_returns,cusip
finance.twitter_user,created
finance.twitter_user,friends
finance.twitter_user,followers
finance.twitter_trend,hour
finance.twitter_trend,date
finance.twitter_news,retweets
finance.twitter_news,time
finance.twitter_news,day
finance.twitter_hash,time
finance.twitter_hash,day
finance.twitter_feed,retweets
finance.twitter_feed,time
finance.twitter_feed,day
finance.nytimes_pages,date
finance.twitter_feed2,retweeted
finance.twitter_feed2,truncated
finance.interday_returns,date
finance.sp500,insp
finance.sp500,verified
finance.secloan_equity,num_trans_all
finance.secloan_equity,num_trans_30
finance.secloan_equity,num_trans_7
finance.secloan_equity,num_trans_3
finance.secloan_equity,num_trans_1
finance.secloan_equity,active_available_qty
finance.secloan_equity,active_lendable_qty
finance.secloan_equity,sl_tenure
finance.secloan_equity,total_balance_qty
finance.secloan_equity,lendable_qty
finance.secloan_equity,record_type
finance.secloan_equity,market_id
finance.secloan_equity,date
finance.secloan_company,gsector
finance.secloan_bond,record_type
finance.twitter_feed2,favorite_count
finance.twitter_feed2,retweet_count
finance.nytimes_pages,category
finance.custom_view,coric
finance.nytimes_pages,body
finance.custom_view,sent_neg
finance.custom_view,sent_neut
finance.custom_view,sent_pos
finance.custom_view,relevance
finance.secloan_equity,balance_val_30
finance.secloan_equity,balance_val_7
finance.secloan_equity,balance_val_3
finance.secloan_equity,balance_val_1
finance.secloan_equity,active_utilization_qty
finance.secloan_equity,active_utilization_val
finance.secloan_equity,active_available_val
finance.secloan_equity,active_lendable_val
finance.secloan_equity,vwaf_30
finance.secloan_equity,vwaf_all
finance.secloan_equity,vwaf_7
finance.secloan_equity,vwaf_3
finance.secloan_equity,vwaf_1
finance.secloan_equity,sl_fee_low
finance.secloan_equity,sl_fee_high
finance.secloan_equity,sl_return_to_lendable
finance.secloan_equity,utilization
finance.secloan_equity,total_balance_val
finance.secloan_equity,balance_val_noncash
finance.secloan_equity,balance_val_cash
finance.secloan_equity,lendable_val
finance.secloan_equity,div_req
finance.secloan_bond,balance_val_30
finance.secloan_bond,balance_val_7
finance.secloan_bond,balance_val_3
finance.secloan_bond,balance_val_1
finance.secloan_bond,active_utilization_qty
finance.secloan_bond,active_utilization_val
finance.secloan_bond,active_avaialble_val
finance.secloan_bond,active_lendable_val
finance.secloan_bond,vwaf_30
finance.secloan_bond,vwaf_all
finance.secloan_bond,vwaf_7
finance.secloan_bond,vwaf_3
finance.secloan_bond,vwaf_1
finance.secloan_bond,sl_fee_low
finance.secloan_bond,sl_fee_high
finance.secloan_bond,sl_return_to_lendable
finance.secloan_bond,utilization
finance.secloan_bond,total_balance_val
finance.secloan_bond,balance_val_noncash
finance.secloan_bond,balance_val_cash
finance.secloan_bond,lendable_val
finance.secloan_bond,div_req
finance.tr_eq,sent_neg
finance.tr_eq,sent_neut
finance.tr_eq,sent_pos
finance.tr_eq,relevance
finance.interday_returns,openprc
finance.interday_returns,bid
finance.interday_returns,ret
finance.interday_returns,sprtrn
finance.custom_view,metadata
finance.custom_view,by_line
finance.custom_view,asset_ver
finance.custom_view,engine_ver
finance.custom_view,more_news
finance.custom_view,mkt_comm
finance.custom_view,brokr_act
finance.custom_view,XLNK_IDPV5
finance.custom_view,XLNK_IDPV4
finance.custom_view,XLNK_IDPV3
finance.custom_view,XLNK_IDPV2
finance.custom_view,XLNK_IDPV1
finance.custom_view,XLNKD_ID5
finance.custom_view,XLNKD_ID4
finance.custom_view,XLNKD_ID3
finance.custom_view,XLNKD_ID2
finance.custom_view,XLNKD_ID1
finance.custom_view,METADATA5
finance.custom_view,METADATA4
finance.custom_view,METADATA3
finance.custom_view,METADATA2
finance.custom_view,METADATA1
finance.custom_view,news_src
finance.custom_view,feed_id
finance.custom_view,timestamp
finance.custom_view,lang_ind
finance.custom_view,co_ids
finance.custom_view,topic_code
finance.custom_view,prod_code
finance.custom_view,attribtn
finance.custom_view,named_item
finance.custom_view,story_time
finance.custom_view,story_date
finance.custom_view,take_time
finance.custom_view,proc_date
finance.custom_view,cross_ref
finance.custom_view,story_type
finance.custom_view,pnac
finance.custom_view,bcast_text
finance.custom_view,item_genre
finance.custom_view,item_type
finance.custom_view,LNKD_IDPV5
finance.custom_view,LNKD_IDPV4
finance.custom_view,LNKD_IDPV3
finance.custom_view,LNKD_IDPV2
finance.custom_view,LNKD_IDPV1
finance.custom_view,LNKD_ID5
finance.custom_view,LNKD_ID4
finance.custom_view,LNKD_ID3
finance.custom_view,LNKD_ID2
finance.custom_view,LNKD_ID1
finance.custom_view,item_id
finance.custom_view,exch
finance.custom_view,stock_ric
finance.custom_view,bcast_ref
finance.custom_view,idn_time
finance.tr_eq,item_genre
finance.sp500,ncusip
finance.sp500,sector
finance.sp500,company
finance.sp500,ticker
finance.secloan_equity,total_return_to_lendable
finance.secloan_equity,market
finance.secloan_equity,stock
finance.secloan_equity,quick
finance.secloan_equity,cusip
finance.secloan_equity,sedol
finance.secloan_equity,isin
finance.secloan_bond,market
finance.secloan_bond,stock
finance.secloan_company,curncd
finance.secloan_company,tick
finance.secloan_company,weburl
finance.secloan_company,cusip
finance.secloan_bond,total_return_to_lendable
finance.secloan_bond,quick
finance.secloan_bond,cusip
finance.secloan_bond,sedol
finance.secloan_bond,isin
finance.secloan_bond,dxl
finance.tr_eq,metadata
finance.tr_eq,by_line
finance.tr_eq,asset_ver
finance.tr_eq,engine_ver
finance.tr_eq,more_news
finance.tr_eq,mkt_comm
finance.tr_eq,brokr_act
finance.tr_eq,news_src
finance.tr_eq,feed_id
finance.tr_eq,timestamp
finance.tr_eq,lang_ind
finance.tr_eq,co_ids
finance.tr_eq,topic_code
finance.tr_eq,prod_code
finance.tr_eq,attribtn
finance.tr_eq,named_item
finance.tr_eq,story_time
finance.tr_eq,story_date
finance.tr_eq,take_time
finance.tr_eq,proc_date
finance.tr_eq,cross_ref
finance.tr_eq,story_type
finance.tr_eq,pnac
finance.tr_eq,bcast_text
finance.tr_eq,item_type
finance.tr_eq,item_id
finance.tr_eq,stock_ric
finance.tr_eq,bcast_ref
finance.tr_eq,idn_time
finance.tr_eq,XLNK_IDPV5
finance.tr_eq,XLNK_IDPV4
finance.tr_eq,XLNK_IDPV3
finance.tr_eq,XLNK_IDPV2
finance.tr_eq,XLNK_IDPV1
finance.tr_eq,XLNKD_ID5
finance.tr_eq,XLNKD_ID4
finance.tr_eq,XLNKD_ID3
finance.tr_eq,XLNKD_ID2
finance.tr_eq,XLNKD_ID1
finance.tr_eq,METADATA5
finance.tr_eq,METADATA4
finance.tr_eq,METADATA3
finance.tr_eq,METADATA2
finance.tr_eq,METADATA1
finance.tr_eq,LNKD_IDPV5
finance.tr_eq,LNKD_IDPV4
finance.tr_eq,LNKD_IDPV3
finance.tr_eq,LNKD_IDPV2
finance.tr_eq,LNKD_IDPV1
finance.tr_eq,LNKD_ID5
finance.tr_eq,LNKD_ID4
finance.tr_eq,LNKD_ID3
finance.tr_eq,LNKD_ID2
finance.tr_eq,LNKD_ID1
finance.tr_eq,exch
finance.twitter_feed2,source
finance.twitter_feed2,stock
finance.twitter_feed2,id
finance.twitter_feed2,user_id
finance.twitter_feed2,text
finance.interday_returns,trdstat
finance.interday_returns,primexch
finance.interday_returns,ticker
finance.interday_returns,ncusip
finance.twitter_user,location
finance.twitter_user,name
finance.twitter_user,user_id
finance.twitter_trend,hash
finance.twitter_trend,id
finance.twitter_news,hashtags
finance.twitter_news,author_id
finance.twitter_news,tweet_id
finance.twitter_news,text
finance.twitter_news,stock
finance.twitter_hash,hash
finance.twitter_feed,hashtags
finance.twitter_feed,author_id
finance.twitter_feed,tweet_id
finance.twitter_feed,text
finance.twitter_feed,stock
finance.nytimes_pages,pst
finance.nytimes_pages,pt
finance.nytimes_pages,cg
finance.nytimes_pages,keywords
finance.nytimes_pages,description
finance.nytimes_pages,title
finance.nytimes_pages,articleid
finance.twitter_feed2,created_at
